PlayerName,MinutesPlayed,Tackles,MissedTackles,Carries,MetersGained,CleanBreaks,DefendersBeaten,Offloads,TurnoversWon,TurnoversConceded,PenaltiesConceded,Tries,Conversions,PenaltyGoals,DropGoals,YellowCards,RedCards,Points,MatchID,Team,PlayerID,Position
Bulls Player 01,685,137,19,89,302,4,20,8,11,4,9,1,1,0,0,1,0,7,M001M005M013M017M021M025M029M033M041M045M053,BullsBullsBullsBullsBullsBullsBullsBullsBullsBullsBulls,BUL_01BUL_01BUL_01BUL_01BUL_01BUL_01BUL_01BUL_01BUL_01BUL_01BUL_01,Loosehead PropLoosehead PropLoosehead PropLoosehead PropLoosehead PropLoosehead PropLoosehead PropLoosehead PropLoosehead PropLoosehead PropLoosehead Prop
Bulls Player 02,699,119,17,95,238,3,12,9,17,2,9,4,2,1,0,0,0,27,M001M009M013M017M025M029M033M037M045M049M053,BullsBullsBullsBullsBullsBullsBullsBullsBullsBullsBulls,BUL_02BUL_02BUL_02BUL_02BUL_02BUL_02BUL_02BUL_02BUL_02BUL_02BUL_02,HookerHookerHookerHookerHookerHookerHookerHookerHookerHookerHooker
Bulls Player 03,562,101,8,66,141,0,15,2,9,2,7,2,1,0,0,0,0,12,M001M005M021M029M033M045M049M053,BullsBullsBullsBullsBullsBullsBullsBulls,BUL_03BUL_03BUL_03BUL_03BUL_03BUL_03BUL_03BUL_03,Tighthead PropTighthead PropTighthead PropTighthead PropTighthead PropTighthead PropTighthead PropTighthead Prop
Bulls Player 04,648,122,17,90,301,3,16,6,6,0,8,0,1,0,0,1,0,2,M001M005M009M017M021M025M033M041M045M049,BullsBullsBullsBullsBullsBullsBullsBullsBullsBulls,BUL_04BUL_04BUL_04BUL_04BUL_04BUL_04BUL_04BUL_04BUL_04BUL_04,LockLockLockLockLockLockLockLockLockLock
Bulls Player 05,481,83,11,58,386,4,5,1,6,4,7,0,1,1,1,1,0,8,M001M005M013M021M029M041M049,BullsBullsBullsBullsBullsBullsBulls,BUL_05BUL_05BUL_05BUL_05BUL_05BUL_05BUL_05,LockLockLockLockLockLockLock
Bulls Player 06,200,38,8,25,133,0,8,0,2,2,1,0,1,0,0,0,0,2,M025M029M053,BullsBullsBulls,BUL_06BUL_06BUL_06,Blindside FlankerBlindside FlankerBlindside Flanker
Bulls Player 07,625,67,13,85,230,7,11,4,8,2,10,1,2,0,0,0,0,9,M013M017M021M025M037M041M045M049M053,BullsBullsBullsBullsBullsBullsBullsBullsBulls,BUL_07BUL_07BUL_07BUL_07BUL_07BUL_07BUL_07BUL_07BUL_07,Openside FlankerOpenside FlankerOpenside FlankerOpenside FlankerOpenside FlankerOpenside FlankerOpenside FlankerOpenside FlankerOpenside Flanker
Bulls Player 08,528,89,7,68,271,2,7,8,5,2,4,1,0,0,0,1,0,5,M001M005M013M021M029M037M041M045,BullsBullsBullsBullsBullsBullsBullsBulls,BUL_08BUL_08BUL_08BUL_08BUL_08BUL_08BUL_08BUL_08,Number 8Number 8Number 8Number 8Number 8Number 8Number 8Number 8
Bulls Player 09,643,51,13,61,502,11,35,7,4,4,1,7,0,1,0,1,0,38,M001M005M013M017M021M029M033M045M049,BullsBullsBullsBullsBullsBullsBullsBullsBulls,BUL_09BUL_09BUL_09BUL_09BUL_09BUL_09BUL_09BUL_09BUL_09,Scrum-halfScrum-halfScrum-halfScrum-halfScrum-halfScrum-halfScrum-halfScrum-halfScrum-half
Bulls Player 10,559,64,4,44,488,11,27,8,4,4,6,2,9,4,0,0,0,40,M005M013M025M029M033M041M045M053,BullsBullsBullsBullsBullsBullsBullsBulls,BUL_10BUL_10BUL_10BUL_10BUL_10BUL_10BUL_10BUL_10,Fly-halfFly-halfFly-halfFly-halfFly-halfFly-halfFly-halfFly-half
Bulls Player 11,921,109,24,103,866,12,35,8,8,2,9,2,1,1,0,1,0,15,M005M009M013M017M021M025M029M033M037M041M045M049M053,BullsBullsBullsBullsBullsBullsBullsBullsBullsBullsBullsBullsBulls,BUL_11BUL_11BUL_11BUL_11BUL_11BUL_11BUL_11BUL_11BUL_11BUL_11BUL_11BUL_11BUL_11,Left WingLeft WingLeft WingLeft WingLeft WingLeft WingLeft WingLeft WingLeft WingLeft WingLeft WingLeft WingLeft Wing
Bulls Player 12,597,65,10,62,365,6,31,4,7,3,4,3,3,0,0,0,0,21,M001M005M009M017M025M029M037M041M049,BullsBullsBullsBullsBullsBullsBullsBullsBulls,BUL_12BUL_12BUL_12BUL_12BUL_12BUL_12BUL_12BUL_12BUL_12,Inside CentreInside CentreInside CentreInside CentreInside CentreInside CentreInside CentreInside CentreInside Centre
Bulls Player 13,557,58,18,48,572,11,18,8,4,2,3,1,1,0,0,1,0,7,M009M017M021M025M037M041M045M049M053,BullsBullsBullsBullsBullsBullsBullsBullsBulls,BUL_13BUL_13BUL_13BUL_13BUL_13BUL_13BUL_13BUL_13BUL_13,Outside CentreOutside CentreOutside CentreOutside CentreOutside CentreOutside CentreOutside CentreOutside CentreOutside Centre
Bulls Player 14,682,86,16,53,514,7,28,4,4,3,5,3,0,1,0,1,0,18,M001M005M009M017M021M033M037M041M049M053,BullsBullsBullsBullsBullsBullsBullsBullsBullsBulls,BUL_14BUL_14BUL_14BUL_14BUL_14BUL_14BUL_14BUL_14BUL_14BUL_14,Right WingRight WingRight WingRight WingRight WingRight WingRight WingRight WingRight WingRight Wing
Bulls Player 15,516,52,10,38,472,11,17,9,8,1,7,1,4,7,0,1,0,34,M001M009M017M033M037M045M049M053,BullsBullsBullsBullsBullsBullsBullsBulls,BUL_15BUL_15BUL_15BUL_15BUL_15BUL_15BUL_15BUL_15,FullbackFullbackFullbackFullbackFullbackFullbackFullbackFullback
Bulls Player 16,223,36,5,31,119,0,2,3,0,1,3,0,0,1,1,0,0,6,M013M033M041M049,BullsBullsBullsBulls,BUL_16BUL_16BUL_16BUL_16,Loosehead PropLoosehead PropLoosehead PropLoosehead Prop
Bulls Player 17,428,79,5,59,167,3,2,3,4,3,4,1,1,0,0,0,0,7,M009M017M029M033M041M049,BullsBullsBullsBullsBullsBulls,BUL_17BUL_17BUL_17BUL_17BUL_17BUL_17,HookerHookerHookerHookerHookerHooker
Bulls Player 18,597,97,12,90,187,6,8,3,7,3,4,2,1,0,0,0,0,12,M001M005M009M013M021M025M029M033M045,BullsBullsBullsBullsBullsBullsBullsBullsBulls,BUL_18BUL_18BUL_18BUL_18BUL_18BUL_18BUL_18BUL_18BUL_18,Tighthead PropTighthead PropTighthead PropTighthead PropTighthead PropTighthead PropTighthead PropTighthead PropTighthead Prop
Bulls Player 19,514,90,7,82,61,4,8,0,9,4,5,0,0,0,0,0,0,0,M001M009M013M017M025M033M037M053,BullsBullsBullsBullsBullsBullsBullsBulls,BUL_19BUL_19BUL_19BUL_19BUL_19BUL_19BUL_19BUL_19,LockLockLockLockLockLockLockLock
Bulls Player 20,553,82,8,71,294,3,3,2,8,2,6,1,1,0,0,0,0,7,M009M013M017M021M025M033M037M053,BullsBullsBullsBullsBullsBullsBullsBulls,BUL_20BUL_20BUL_20BUL_20BUL_20BUL_20BUL_20BUL_20,LockLockLockLockLockLockLockLock
Bulls Player 21,305,39,8,36,83,3,5,6,3,3,2,1,1,0,0,0,0,7,M017M029M037M045M053,BullsBullsBullsBullsBulls,BUL_21BUL_21BUL_21BUL_21BUL_21,Blindside FlankerBlindside FlankerBlindside FlankerBlindside FlankerBlindside Flanker
Bulls Player 22,491,84,8,67,192,2,3,4,9,2,3,1,1,0,0,0,0,7,M001M005M009M013M017M025M037,BullsBullsBullsBullsBullsBullsBulls,BUL_22BUL_22BUL_22BUL_22BUL_22BUL_22BUL_22,Openside FlankerOpenside FlankerOpenside FlankerOpenside FlankerOpenside FlankerOpenside FlankerOpenside Flanker
Bulls Player 23,739,122,14,113,330,2,23,6,15,4,9,1,0,0,0,0,0,5,M005M009M013M021M025M029M037M041M045M049M053,BullsBullsBullsBullsBullsBullsBullsBullsBullsBullsBulls,BUL_23BUL_23BUL_23BUL_23BUL_23BUL_23BUL_23BUL_23BUL_23BUL_23BUL_23,Number 8Number 8Number 8Number 8Number 8Number 8Number 8Number 8Number 8Number 8Number 8
Bulls Player 24,655,55,19,74,538,6,26,11,4,6,3,3,0,1,0,1,0,18,M001M005M009M013M021M025M037M041M045M049,BullsBullsBullsBullsBullsBullsBullsBullsBullsBulls,BUL_24BUL_24BUL_24BUL_24BUL_24BUL_24BUL_24BUL_24BUL_24BUL_24,Scrum-halfScrum-halfScrum-halfScrum-halfScrum-halfScrum-halfScrum-halfScrum-halfScrum-halfScrum-half
Bulls Player 25,644,91,12,39,545,4,27,7,1,3,6,4,12,2,0,0,0,50,M001M005M009M021M029M033M037M041M053,BullsBullsBullsBullsBullsBullsBullsBullsBulls,BUL_25BUL_25BUL_25BUL_25BUL_25BUL_25BUL_25BUL_25BUL_25,Fly-halfFly-halfFly-halfFly-halfFly-halfFly-halfFly-halfFly-halfFly-half
Cheetahs Player 01,661,122,17,73,287,2,7,4,4,6,10,3,0,2,0,0,0,21,M010M013M018M023M028M035M038M041M046M051,CheetahsCheetahsCheetahsCheetahsCheetahsCheetahsCheetahsCheetahsCheetahsCheetahs,CHE_01CHE_01CHE_01CHE_01CHE_01CHE_01CHE_01CHE_01CHE_01CHE_01,Loosehead PropLoosehead PropLoosehead PropLoosehead PropLoosehead PropLoosehead PropLoosehead PropLoosehead PropLoosehead PropLoosehead Prop
Cheetahs Player 02,477,97,3,59,272,5,5,3,9,2,5,1,0,0,0,0,0,5,M013M023M032M035M038M041M056,CheetahsCheetahsCheetahsCheetahsCheetahsCheetahsCheetahs,CHE_02CHE_02CHE_02CHE_02CHE_02CHE_02CHE_02,HookerHookerHookerHookerHookerHookerHooker
Cheetahs Player 03,588,108,13,90,220,4,9,3,7,3,8,6,3,0,0,0,0,36,M004M007M013M028M032M038M046M051M056,CheetahsCheetahsCheetahsCheetahsCheetahsCheetahsCheetahsCheetahsCheetahs,CHE_03CHE_03CHE_03CHE_03CHE_03CHE_03CHE_03CHE_03CHE_03,Tighthead PropTighthead PropTighthead PropTighthead PropTighthead PropTighthead PropTighthead PropTighthead PropTighthead Prop
Cheetahs Player 04,684,110,9,80,281,5,7,4,11,2,12,0,1,0,0,0,1,2,M004M007M010M013M018M032M035M038M041M046,CheetahsCheetahsCheetahsCheetahsCheetahsCheetahsCheetahsCheetahsCheetahsCheetahs,CHE_04CHE_04CHE_04CHE_04CHE_04CHE_04CHE_04CHE_04CHE_04CHE_04,LockLockLockLockLockLockLockLockLockLock
Cheetahs Player 05,673,111,10,76,308,5,15,6,6,4,13,3,3,1,0,0,0,24,M004M007M010M013M018M023M038M041M046M051,CheetahsCheetahsCheetahsCheetahsCheetahsCheetahsCheetahsCheetahsCheetahsCheetahs,CHE_05CHE_05CHE_05CHE_05CHE_05CHE_05CHE_05CHE_05CHE_05CHE_05,LockLockLockLockLockLockLockLockLockLock
Cheetahs Player 06,483,88,11,77,197,2,6,4,11,2,8,0,1,0,0,0,0,2,M004M007M018M028M035M046M051M056,CheetahsCheetahsCheetahsCheetahsCheetahsCheetahsCheetahsCheetahs,CHE_06CHE_06CHE_06CHE_06CHE_06CHE_06CHE_06CHE_06,Blindside FlankerBlindside FlankerBlindside FlankerBlindside FlankerBlindside FlankerBlindside FlankerBlindside FlankerBlindside Flanker
Cheetahs Player 07,538,112,8,79,198,2,12,7,7,0,4,1,0,0,0,2,0,5,M010M018M023M032M035M046M051M056,CheetahsCheetahsCheetahsCheetahsCheetahsCheetahsCheetahsCheetahs,CHE_07CHE_07CHE_07CHE_07CHE_07CHE_07CHE_07CHE_07,Openside FlankerOpenside FlankerOpenside FlankerOpenside FlankerOpenside FlankerOpenside FlankerOpenside FlankerOpenside Flanker
Cheetahs Player 08,682,126,15,89,201,6,6,5,6,5,10,2,2,1,0,1,0,17,M004M023M028M032M035M038M041M046M051M056,CheetahsCheetahsCheetahsCheetahsCheetahsCheetahsCheetahsCheetahsCheetahsCheetahs,CHE_08CHE_08CHE_08CHE_08CHE_08CHE_08CHE_08CHE_08CHE_08CHE_08,Number 8Number 8Number 8Number 8Number 8Number 8Number 8Number 8Number 8Number 8
Cheetahs Player 09,573,56,14,64,431,6,25,7,3,4,6,2,0,0,0,0,0,10,M004M007M010M023M028M032M035M038M056,CheetahsCheetahsCheetahsCheetahsCheetahsCheetahsCheetahsCheetahsCheetahs,CHE_09CHE_09CHE_09CHE_09CHE_09CHE_09CHE_09CHE_09CHE_09,Scrum-halfScrum-halfScrum-halfScrum-halfScrum-halfScrum-halfScrum-halfScrum-halfScrum-half
Cheetahs Player 10,559,75,14,53,432,9,14,10,0,0,5,3,10,3,1,0,0,47,M010M013M018M028M032M035M041M056,CheetahsCheetahsCheetahsCheetahsCheetahsCheetahsCheetahsCheetahs,CHE_10CHE_10CHE_10CHE_10CHE_10CHE_10CHE_10CHE_10,Fly-halfFly-halfFly-halfFly-halfFly-halfFly-halfFly-halfFly-half
Cheetahs Player 11,429,50,8,25,293,6,19,5,3,3,4,0,1,0,0,1,0,2,M023M028M032M038M041M046,CheetahsCheetahsCheetahsCheetahsCheetahsCheetahs,CHE_11CHE_11CHE_11CHE_11CHE_11CHE_11,Left WingLeft WingLeft WingLeft WingLeft WingLeft Wing
Cheetahs Player 12,343,31,3,27,323,4,15,4,1,3,3,1,0,1,0,0,0,8,M007M010M013M041M046,CheetahsCheetahsCheetahsCheetahsCheetahs,CHE_12CHE_12CHE_12CHE_12CHE_12,Inside CentreInside CentreInside CentreInside CentreInside Centre
Cheetahs Player 13,598,70,10,52,520,8,24,8,5,6,8,4,1,1,0,0,0,25,M004M007M010M018M023M028M035M051M056,CheetahsCheetahsCheetahsCheetahsCheetahsCheetahsCheetahsCheetahsCheetahs,CHE_13CHE_13CHE_13CHE_13CHE_13CHE_13CHE_13CHE_13CHE_13,Outside CentreOutside CentreOutside CentreOutside CentreOutside CentreOutside CentreOutside CentreOutside CentreOutside Centre
Cheetahs Player 14,344,24,8,25,328,4,9,5,2,2,4,0,0,3,0,0,0,9,M004M007M010M018M023,CheetahsCheetahsCheetahsCheetahsCheetahs,CHE_14CHE_14CHE_14CHE_14CHE_14,Right WingRight WingRight WingRight WingRight Wing
Cheetahs Player 15,876,121,20,98,686,17,40,12,5,2,9,2,11,3,0,2,0,41,M004M007M010M013M018M023M028M032M038M041M046M051M056,CheetahsCheetahsCheetahsCheetahsCheetahsCheetahsCheetahsCheetahsCheetahsCheetahsCheetahsCheetahsCheetahs,CHE_15CHE_15CHE_15CHE_15CHE_15CHE_15CHE_15CHE_15CHE_15CHE_15CHE_15CHE_15CHE_15,FullbackFullbackFullbackFullbackFullbackFullbackFullbackFullbackFullbackFullbackFullbackFullbackFullback
Cheetahs Player 16,693,117,17,102,234,4,14,1,12,2,6,2,1,0,0,0,0,12,M007M010M023M028M032M035M038M041M046M051,CheetahsCheetahsCheetahsCheetahsCheetahsCheetahsCheetahsCheetahsCheetahsCheetahs,CHE_16CHE_16CHE_16CHE_16CHE_16CHE_16CHE_16CHE_16CHE_16CHE_16,Loosehead PropLoosehead PropLoosehead PropLoosehead PropLoosehead PropLoosehead PropLoosehead PropLoosehead PropLoosehead PropLoosehead Prop
Cheetahs Player 17,481,73,5,63,255,2,6,2,5,4,3,0,1,1,1,1,0,8,M007M013M028M032M038M051M056,CheetahsCheetahsCheetahsCheetahsCheetahsCheetahsCheetahs,CHE_17CHE_17CHE_17CHE_17CHE_17CHE_17CHE_17,HookerHookerHookerHookerHookerHookerHooker
Cheetahs Player 18,486,86,11,59,144,2,9,6,7,2,11,1,0,0,0,0,0,5,M004M007M010M013M018M041M056,CheetahsCheetahsCheetahsCheetahsCheetahsCheetahsCheetahs,CHE_18CHE_18CHE_18CHE_18CHE_18CHE_18CHE_18,Tighthead PropTighthead PropTighthead PropTighthead PropTighthead PropTighthead PropTighthead Prop
Cheetahs Player 19,518,113,14,67,89,0,5,3,7,4,7,1,3,0,0,0,0,11,M004M010M018M028M038M041M051M056,CheetahsCheetahsCheetahsCheetahsCheetahsCheetahsCheetahsCheetahs,CHE_19CHE_19CHE_19CHE_19CHE_19CHE_19CHE_19CHE_19,LockLockLockLockLockLockLockLock
Cheetahs Player 20,632,139,11,90,259,8,8,4,6,5,12,1,2,0,0,0,0,9,M004M007M013M023M028M035M041M046M051M056,CheetahsCheetahsCheetahsCheetahsCheetahsCheetahsCheetahsCheetahsCheetahsCheetahs,CHE_20CHE_20CHE_20CHE_20CHE_20CHE_20CHE_20CHE_20CHE_20CHE_20,LockLockLockLockLockLockLockLockLockLock
Cheetahs Player 21,421,57,4,56,244,4,6,3,6,3,5,0,1,0,0,0,0,2,M004M018M035M038M046M056,CheetahsCheetahsCheetahsCheetahsCheetahsCheetahs,CHE_21CHE_21CHE_21CHE_21CHE_21CHE_21,Blindside FlankerBlindside FlankerBlindside FlankerBlindside FlankerBlindside FlankerBlindside Flanker
Cheetahs Player 22,518,105,9,76,219,2,5,4,6,4,9,2,0,1,0,1,0,13,M010M013M018M032M035M038M041M046,CheetahsCheetahsCheetahsCheetahsCheetahsCheetahsCheetahsCheetahs,CHE_22CHE_22CHE_22CHE_22CHE_22CHE_22CHE_22CHE_22,Openside FlankerOpenside FlankerOpenside FlankerOpenside FlankerOpenside FlankerOpenside FlankerOpenside FlankerOpenside Flanker
Cheetahs Player 23,602,95,13,68,192,3,8,6,11,7,9,1,1,0,0,0,0,7,M004M007M013M023M028M032M035M046M051,CheetahsCheetahsCheetahsCheetahsCheetahsCheetahsCheetahsCheetahsCheetahs,CHE_23CHE_23CHE_23CHE_23CHE_23CHE_23CHE_23CHE_23CHE_23,Number 8Number 8Number 8Number 8Number 8Number 8Number 8Number 8Number 8
Cheetahs Player 24,775,71,20,74,556,9,24,7,6,4,5,2,2,0,0,1,0,14,M004M007M010M013M018M023M028M032M038M041M051,CheetahsCheetahsCheetahsCheetahsCheetahsCheetahsCheetahsCheetahsCheetahsCheetahsCheetahs,CHE_24CHE_24CHE_24CHE_24CHE_24CHE_24CHE_24CHE_24CHE_24CHE_24CHE_24,Scrum-halfScrum-halfScrum-halfScrum-halfScrum-halfScrum-halfScrum-halfScrum-halfScrum-halfScrum-halfScrum-half
Cheetahs Player 25,444,17,12,46,338,6,15,4,6,2,5,4,8,1,0,1,0,39,M013M018M023M032M035M051M056,CheetahsCheetahsCheetahsCheetahsCheetahsCheetahsCheetahs,CHE_25CHE_25CHE_25CHE_25CHE_25CHE_25CHE_25,Fly-halfFly-halfFly-halfFly-halfFly-halfFly-halfFly-half
Griffons Player 01,370,49,10,60,271,2,4,6,9,1,7,0,1,0,0,0,0,2,M001M006M016M023M039M044,GriffonsGriffonsGriffonsGriffonsGriffonsGriffons,GRI_01GRI_01GRI_01GRI_01GRI_01GRI_01,Loosehead PropLoosehead PropLoosehead PropLoosehead PropLoosehead PropLoosehead Prop
Griffons Player 02,635,117,9,75,157,3,10,5,6,1,2,3,0,1,0,0,0,18,M006M011M016M029M039M044M048M051M054,GriffonsGriffonsGriffonsGriffonsGriffonsGriffonsGriffonsGriffonsGriffons,GRI_02GRI_02GRI_02GRI_02GRI_02GRI_02GRI_02GRI_02GRI_02,HookerHookerHookerHookerHookerHookerHookerHookerHooker
Griffons Player 03,660,109,17,68,151,4,6,4,10,4,6,0,0,1,0,0,0,3,M001M011M023M026M034M039M044M048M051M054,GriffonsGriffonsGriffonsGriffonsGriffonsGriffonsGriffonsGriffonsGriffonsGriffons,GRI_03GRI_03GRI_03GRI_03GRI_03GRI_03GRI_03GRI_03GRI_03GRI_03,Tighthead PropTighthead PropTighthead PropTighthead PropTighthead PropTighthead PropTighthead PropTighthead PropTighthead PropTighthead Prop
Griffons Player 04,614,89,17,86,207,1,11,2,9,2,11,1,2,0,0,0,0,9,M006M016M020M026M029M034M039M044M054,GriffonsGriffonsGriffonsGriffonsGriffonsGriffonsGriffonsGriffonsGriffons,GRI_04GRI_04GRI_04GRI_04GRI_04GRI_04GRI_04GRI_04GRI_04,LockLockLockLockLockLockLockLockLock
Griffons Player 05,544,90,7,76,249,1,6,3,6,4,5,1,0,0,0,0,0,5,M020M023M029M034M044M048M051M054,GriffonsGriffonsGriffonsGriffonsGriffonsGriffonsGriffonsGriffons,GRI_05GRI_05GRI_05GRI_05GRI_05GRI_05GRI_05GRI_05,LockLockLockLockLockLockLockLock
Griffons Player 06,575,84,8,73,217,5,7,6,4,0,9,0,0,0,0,0,0,0,M011M016M020M029M034M039M051M054,GriffonsGriffonsGriffonsGriffonsGriffonsGriffonsGriffonsGriffons,GRI_06GRI_06GRI_06GRI_06GRI_06GRI_06GRI_06GRI_06,Blindside FlankerBlindside FlankerBlindside FlankerBlindside FlankerBlindside FlankerBlindside FlankerBlindside FlankerBlindside Flanker
Griffons Player 07,492,99,8,68,194,1,13,5,7,2,3,2,1,0,0,1,0,12,M001M016M029M034M039M048M054,GriffonsGriffonsGriffonsGriffonsGriffonsGriffonsGriffons,GRI_07GRI_07GRI_07GRI_07GRI_07GRI_07GRI_07,Openside FlankerOpenside FlankerOpenside FlankerOpenside FlankerOpenside FlankerOpenside FlankerOpenside Flanker
Griffons Player 08,672,111,10,73,314,5,15,10,6,3,10,0,0,1,0,2,0,3,M001M006M020M023M026M034M044M048M051M054,GriffonsGriffonsGriffonsGriffonsGriffonsGriffonsGriffonsGriffonsGriffonsGriffons,GRI_08GRI_08GRI_08GRI_08GRI_08GRI_08GRI_08GRI_08GRI_08GRI_08,Number 8Number 8Number 8Number 8Number 8Number 8Number 8Number 8Number 8Number 8
Griffons Player 09,514,51,13,52,397,8,24,5,7,4,4,4,2,1,0,0,0,27,M001M011M016M026M029M039M048M054,GriffonsGriffonsGriffonsGriffonsGriffonsGriffonsGriffonsGriffons,GRI_09GRI_09GRI_09GRI_09GRI_09GRI_09GRI_09GRI_09,Scrum-halfScrum-halfScrum-halfScrum-halfScrum-halfScrum-halfScrum-halfScrum-half
Griffons Player 10,619,49,11,57,409,13,24,6,2,2,5,4,7,3,0,0,0,43,M006M011M016M026M029M039M044M048M051,GriffonsGriffonsGriffonsGriffonsGriffonsGriffonsGriffonsGriffonsGriffons,GRI_10GRI_10GRI_10GRI_10GRI_10GRI_10GRI_10GRI_10GRI_10,Fly-halfFly-halfFly-halfFly-halfFly-halfFly-halfFly-halfFly-halfFly-half
Griffons Player 11,599,65,14,69,514,7,17,7,8,5,6,2,6,0,0,0,0,22,M006M011M016M020M026M034M039M048M051,GriffonsGriffonsGriffonsGriffonsGriffonsGriffonsGriffonsGriffonsGriffons,GRI_11GRI_11GRI_11GRI_11GRI_11GRI_11GRI_11GRI_11GRI_11,Left WingLeft WingLeft WingLeft WingLeft WingLeft WingLeft WingLeft WingLeft Wing
Griffons Player 12,484,30,14,34,389,11,16,4,0,4,8,3,2,0,0,0,0,19,M006M016M034M039M044M051M054,GriffonsGriffonsGriffonsGriffonsGriffonsGriffonsGriffons,GRI_12GRI_12GRI_12GRI_12GRI_12GRI_12GRI_12,Inside CentreInside CentreInside CentreInside CentreInside CentreInside CentreInside Centre
Griffons Player 13,555,47,17,55,441,7,16,5,5,3,6,2,0,1,0,1,0,13,M001M006M016M020M023M029M048M054,GriffonsGriffonsGriffonsGriffonsGriffonsGriffonsGriffonsGriffons,GRI_13GRI_13GRI_13GRI_13GRI_13GRI_13GRI_13GRI_13,Outside CentreOutside CentreOutside CentreOutside CentreOutside CentreOutside CentreOutside CentreOutside Centre
Griffons Player 14,620,38,11,45,483,9,16,6,2,1,5,3,4,0,0,0,0,23,M001M011M020M023M026M029M034M044M054,GriffonsGriffonsGriffonsGriffonsGriffonsGriffonsGriffonsGriffonsGriffons,GRI_14GRI_14GRI_14GRI_14GRI_14GRI_14GRI_14GRI_14GRI_14,Right WingRight WingRight WingRight WingRight WingRight WingRight WingRight WingRight Wing
Griffons Player 15,562,61,16,63,387,13,23,9,5,4,3,2,3,3,0,0,0,25,M001M006M020M023M026M039M044M051M054,GriffonsGriffonsGriffonsGriffonsGriffonsGriffonsGriffonsGriffonsGriffons,GRI_15GRI_15GRI_15GRI_15GRI_15GRI_15GRI_15GRI_15GRI_15,FullbackFullbackFullbackFullbackFullbackFullbackFullbackFullbackFullback
Griffons Player 16,680,110,10,68,318,2,10,7,8,3,11,4,1,1,0,0,0,25,M006M011M020M023M026M029M034M044M048M051,GriffonsGriffonsGriffonsGriffonsGriffonsGriffonsGriffonsGriffonsGriffonsGriffons,GRI_16GRI_16GRI_16GRI_16GRI_16GRI_16GRI_16GRI_16GRI_16GRI_16,Loosehead PropLoosehead PropLoosehead PropLoosehead PropLoosehead PropLoosehead PropLoosehead PropLoosehead PropLoosehead PropLoosehead Prop
Griffons Player 17,473,90,5,63,228,1,6,1,6,1,10,1,0,1,0,0,0,8,M001M006M011M020M023M029M044,GriffonsGriffonsGriffonsGriffonsGriffonsGriffonsGriffons,GRI_17GRI_17GRI_17GRI_17GRI_17GRI_17GRI_17,HookerHookerHookerHookerHookerHookerHooker
Griffons Player 18,621,102,10,73,227,2,6,7,10,3,7,1,1,0,1,0,0,10,M001M006M016M020M023M026M029M048M051,GriffonsGriffonsGriffonsGriffonsGriffonsGriffonsGriffonsGriffonsGriffons,GRI_18GRI_18GRI_18GRI_18GRI_18GRI_18GRI_18GRI_18GRI_18,Tighthead PropTighthead PropTighthead PropTighthead PropTighthead PropTighthead PropTighthead PropTighthead PropTighthead Prop
Griffons Player 19,600,109,7,82,102,6,12,9,11,0,6,1,0,0,0,1,1,5,M001M006M011M016M023M026M034M048M051,GriffonsGriffonsGriffonsGriffonsGriffonsGriffonsGriffonsGriffonsGriffons,GRI_19GRI_19GRI_19GRI_19GRI_19GRI_19GRI_19GRI_19GRI_19,LockLockLockLockLockLockLockLockLock
Griffons Player 20,792,144,20,124,274,5,10,5,9,6,3,1,1,1,0,0,0,10,M001M006M011M016M020M023M026M034M039M048M051M054,GriffonsGriffonsGriffonsGriffonsGriffonsGriffonsGriffonsGriffonsGriffonsGriffonsGriffonsGriffons,GRI_20GRI_20GRI_20GRI_20GRI_20GRI_20GRI_20GRI_20GRI_20GRI_20GRI_20GRI_20,LockLockLockLockLockLockLockLockLockLockLockLock
Griffons Player 21,416,58,5,61,133,0,5,3,7,1,6,0,1,0,0,0,0,2,M001M011M016M023M029M044,GriffonsGriffonsGriffonsGriffonsGriffonsGriffons,GRI_21GRI_21GRI_21GRI_21GRI_21GRI_21,Blindside FlankerBlindside FlankerBlindside FlankerBlindside FlankerBlindside FlankerBlindside Flanker
Griffons Player 22,560,86,14,78,176,3,7,3,5,4,7,2,1,0,0,0,0,12,M001M011M016M023M026M034M039M048M051,GriffonsGriffonsGriffonsGriffonsGriffonsGriffonsGriffonsGriffonsGriffons,GRI_22GRI_22GRI_22GRI_22GRI_22GRI_22GRI_22GRI_22GRI_22,Openside FlankerOpenside FlankerOpenside FlankerOpenside FlankerOpenside FlankerOpenside FlankerOpenside FlankerOpenside FlankerOpenside Flanker
Griffons Player 23,632,119,11,86,242,2,21,2,7,3,11,3,1,0,0,1,0,17,M001M006M011M020M026M029M034M039M051M054,GriffonsGriffonsGriffonsGriffonsGriffonsGriffonsGriffonsGriffonsGriffonsGriffons,GRI_23GRI_23GRI_23GRI_23GRI_23GRI_23GRI_23GRI_23GRI_23GRI_23,Number 8Number 8Number 8Number 8Number 8Number 8Number 8Number 8Number 8Number 8
Griffons Player 24,306,45,12,24,228,4,13,2,1,3,3,1,1,0,0,0,0,7,M011M020M029M039M044,GriffonsGriffonsGriffonsGriffonsGriffons,GRI_24GRI_24GRI_24GRI_24GRI_24,Scrum-halfScrum-halfScrum-halfScrum-halfScrum-half
Griffons Player 25,466,36,6,50,289,9,27,5,5,1,5,3,11,2,1,2,0,46,M020M023M026M034M044M048M054,GriffonsGriffonsGriffonsGriffonsGriffonsGriffonsGriffons,GRI_25GRI_25GRI_25GRI_25GRI_25GRI_25GRI_25,Fly-halfFly-halfFly-halfFly-halfFly-halfFly-halfFly-half
Griquas Player 01,414,59,11,50,132,3,3,5,3,2,4,1,0,0,0,0,0,5,M006M009M014M019M034M047,GriquasGriquasGriquasGriquasGriquasGriquas,GRI_01GRI_01GRI_01GRI_01GRI_01GRI_01,Loosehead PropLoosehead PropLoosehead PropLoosehead PropLoosehead PropLoosehead Prop
Griquas Player 02,715,119,19,99,266,5,6,7,8,3,15,1,2,1,0,0,0,12,M009M014M019M024M028M031M034M042M047M052M056,GriquasGriquasGriquasGriquasGriquasGriquasGriquasGriquasGriquasGriquasGriquas,GRI_02GRI_02GRI_02GRI_02GRI_02GRI_02GRI_02GRI_02GRI_02GRI_02GRI_02,HookerHookerHookerHookerHookerHookerHookerHookerHookerHookerHooker
Griquas Player 03,402,74,7,51,194,3,7,1,7,4,5,1,1,0,0,0,0,7,M003M006M009M019M034M042M056,GriquasGriquasGriquasGriquasGriquasGriquasGriquas,GRI_03GRI_03GRI_03GRI_03GRI_03GRI_03GRI_03,Tighthead PropTighthead PropTighthead PropTighthead PropTighthead PropTighthead PropTighthead Prop
Griquas Player 04,715,120,14,95,301,5,15,8,8,5,7,1,1,1,0,0,0,10,M003M006M014M019M024M028M031M034M042M047M052,GriquasGriquasGriquasGriquasGriquasGriquasGriquasGriquasGriquasGriquasGriquas,GRI_04GRI_04GRI_04GRI_04GRI_04GRI_04GRI_04GRI_04GRI_04GRI_04GRI_04,LockLockLockLockLockLockLockLockLockLockLock
Griquas Player 05,666,96,9,83,297,4,12,1,8,4,7,2,1,0,2,0,0,18,M006M009M014M019M024M037M042M052M056,GriquasGriquasGriquasGriquasGriquasGriquasGriquasGriquasGriquas,GRI_05GRI_05GRI_05GRI_05GRI_05GRI_05GRI_05GRI_05GRI_05,LockLockLockLockLockLockLockLockLock
Griquas Player 06,578,110,11,70,245,0,4,7,6,3,6,2,1,1,0,0,0,15,M003M006M009M014M024M028M042M047,GriquasGriquasGriquasGriquasGriquasGriquasGriquasGriquas,GRI_06GRI_06GRI_06GRI_06GRI_06GRI_06GRI_06GRI_06,Blindside FlankerBlindside FlankerBlindside FlankerBlindside FlankerBlindside FlankerBlindside FlankerBlindside FlankerBlindside Flanker
Griquas Player 07,396,74,9,57,178,2,8,7,4,1,10,2,2,0,0,0,0,14,M006M009M019M024M037M052,GriquasGriquasGriquasGriquasGriquasGriquas,GRI_07GRI_07GRI_07GRI_07GRI_07GRI_07,Openside FlankerOpenside FlankerOpenside FlankerOpenside FlankerOpenside FlankerOpenside Flanker
Griquas Player 08,393,73,6,49,230,3,7,3,4,1,1,3,0,0,0,0,0,15,M003M009M019M031M037M047,GriquasGriquasGriquasGriquasGriquasGriquas,GRI_08GRI_08GRI_08GRI_08GRI_08GRI_08,Number 8Number 8Number 8Number 8Number 8Number 8
Griquas Player 09,541,46,12,63,527,7,20,4,3,3,3,1,1,1,0,0,0,10,M003M006M009M024M028M034M037M052,GriquasGriquasGriquasGriquasGriquasGriquasGriquasGriquas,GRI_09GRI_09GRI_09GRI_09GRI_09GRI_09GRI_09GRI_09,Scrum-halfScrum-halfScrum-halfScrum-halfScrum-halfScrum-halfScrum-halfScrum-half
Griquas Player 10,671,53,23,52,541,9,18,9,5,3,6,3,10,6,0,0,0,53,M006M014M019M024M028M031M042M047M052M056,GriquasGriquasGriquasGriquasGriquasGriquasGriquasGriquasGriquasGriquas,GRI_10GRI_10GRI_10GRI_10GRI_10GRI_10GRI_10GRI_10GRI_10GRI_10,Fly-halfFly-halfFly-halfFly-halfFly-halfFly-halfFly-halfFly-halfFly-halfFly-half
Griquas Player 11,539,53,18,46,408,9,32,9,0,2,6,3,0,0,0,0,0,15,M003M019M028M031M034M037M052M056,GriquasGriquasGriquasGriquasGriquasGriquasGriquasGriquas,GRI_11GRI_11GRI_11GRI_11GRI_11GRI_11GRI_11GRI_11,Left WingLeft WingLeft WingLeft WingLeft WingLeft WingLeft WingLeft Wing
Griquas Player 12,736,87,18,88,656,8,29,9,6,4,5,5,2,0,0,1,0,29,M003M006M014M024M028M031M037M042M047M052M056,GriquasGriquasGriquasGriquasGriquasGriquasGriquasGriquasGriquasGriquasGriquas,GRI_12GRI_12GRI_12GRI_12GRI_12GRI_12GRI_12GRI_12GRI_12GRI_12GRI_12,Inside CentreInside CentreInside CentreInside CentreInside CentreInside CentreInside CentreInside CentreInside CentreInside CentreInside Centre
Griquas Player 13,737,83,24,71,587,14,33,3,6,2,6,3,0,0,0,0,0,15,M003M006M009M014M024M031M034M037M047M052M056,GriquasGriquasGriquasGriquasGriquasGriquasGriquasGriquasGriquasGriquasGriquas,GRI_13GRI_13GRI_13GRI_13GRI_13GRI_13GRI_13GRI_13GRI_13GRI_13GRI_13,Outside CentreOutside CentreOutside CentreOutside CentreOutside CentreOutside CentreOutside CentreOutside CentreOutside CentreOutside CentreOutside Centre
Griquas Player 14,589,54,11,42,555,10,24,4,3,3,5,5,1,0,0,0,0,27,M009M014M019M028M031M034M047M052M056,GriquasGriquasGriquasGriquasGriquasGriquasGriquasGriquasGriquas,GRI_14GRI_14GRI_14GRI_14GRI_14GRI_14GRI_14GRI_14GRI_14,Right WingRight WingRight WingRight WingRight WingRight WingRight WingRight WingRight Wing
Griquas Player 15,887,93,16,101,666,13,39,8,8,5,5,3,13,3,0,0,0,50,M003M006M009M014M024M028M031M034M037M042M047M052M056,GriquasGriquasGriquasGriquasGriquasGriquasGriquasGriquasGriquasGriquasGriquasGriquasGriquas,GRI_15GRI_15GRI_15GRI_15GRI_15GRI_15GRI_15GRI_15GRI_15GRI_15GRI_15GRI_15GRI_15,FullbackFullbackFullbackFullbackFullbackFullbackFullbackFullbackFullbackFullbackFullbackFullbackFullback
Griquas Player 16,558,76,11,64,239,0,14,9,8,3,6,1,2,0,0,0,0,9,M003M019M024M031M037M042M047M052,GriquasGriquasGriquasGriquasGriquasGriquasGriquasGriquas,GRI_16GRI_16GRI_16GRI_16GRI_16GRI_16GRI_16GRI_16,Loosehead PropLoosehead PropLoosehead PropLoosehead PropLoosehead PropLoosehead PropLoosehead PropLoosehead Prop
Griquas Player 17,505,54,7,67,88,3,10,5,8,2,2,1,3,0,0,0,0,11,M006M009M024M028M031M052M056,GriquasGriquasGriquasGriquasGriquasGriquasGriquas,GRI_17GRI_17GRI_17GRI_17GRI_17GRI_17GRI_17,HookerHookerHookerHookerHookerHookerHooker
Griquas Player 18,544,98,9,67,254,3,12,4,8,1,6,2,0,1,0,1,0,13,M003M009M014M028M034M037M042M056,GriquasGriquasGriquasGriquasGriquasGriquasGriquasGriquas,GRI_18GRI_18GRI_18GRI_18GRI_18GRI_18GRI_18GRI_18,Tighthead PropTighthead PropTighthead PropTighthead PropTighthead PropTighthead PropTighthead PropTighthead Prop
Griquas Player 19,585,111,9,83,248,4,9,3,6,3,6,1,0,2,0,1,0,11,M009M014M024M028M031M034M037M042M047,GriquasGriquasGriquasGriquasGriquasGriquasGriquasGriquasGriquas,GRI_19GRI_19GRI_19GRI_19GRI_19GRI_19GRI_19GRI_19GRI_19,LockLockLockLockLockLockLockLockLock
Griquas Player 20,666,144,13,78,310,10,6,6,8,3,6,2,1,0,1,0,0,15,M003M014M019M028M031M034M037M047M052M056,GriquasGriquasGriquasGriquasGriquasGriquasGriquasGriquasGriquasGriquas,GRI_20GRI_20GRI_20GRI_20GRI_20GRI_20GRI_20GRI_20GRI_20GRI_20,LockLockLockLockLockLockLockLockLockLock
Griquas Player 21,466,94,10,57,160,2,2,5,4,1,5,1,0,0,0,0,0,5,M003M006M019M024M031M042M047,GriquasGriquasGriquasGriquasGriquasGriquasGriquas,GRI_21GRI_21GRI_21GRI_21GRI_21GRI_21GRI_21,Blindside FlankerBlindside FlankerBlindside FlankerBlindside FlankerBlindside FlankerBlindside FlankerBlindside Flanker
Griquas Player 22,562,92,12,49,245,0,10,5,7,1,7,1,1,0,0,0,0,7,M003M019M024M028M034M037M042M052,GriquasGriquasGriquasGriquasGriquasGriquasGriquasGriquas,GRI_22GRI_22GRI_22GRI_22GRI_22GRI_22GRI_22GRI_22,Openside FlankerOpenside FlankerOpenside FlankerOpenside FlankerOpenside FlankerOpenside FlankerOpenside FlankerOpenside Flanker
Griquas Player 23,470,38,11,52,192,6,10,2,7,0,0,1,4,1,0,1,0,16,M003M006M009M031M037M047M056,GriquasGriquasGriquasGriquasGriquasGriquasGriquas,GRI_23GRI_23GRI_23GRI_23GRI_23GRI_23GRI_23,Number 8Number 8Number 8Number 8Number 8Number 8Number 8
Griquas Player 24,349,47,3,29,210,5,11,4,6,2,4,2,0,1,1,1,0,16,M014M028M034M042M056,GriquasGriquasGriquasGriquasGriquas,GRI_24GRI_24GRI_24GRI_24GRI_24,Scrum-halfScrum-halfScrum-halfScrum-halfScrum-half
Griquas Player 25,460,63,4,40,446,9,17,7,4,2,7,1,7,6,1,1,0,40,M006M014M019M034M037M042M056,GriquasGriquasGriquasGriquasGriquasGriquasGriquas,GRI_25GRI_25GRI_25GRI_25GRI_25GRI_25GRI_25,Fly-halfFly-halfFly-halfFly-halfFly-halfFly-halfFly-half
Lions Player 01,445,72,10,45,119,1,2,3,2,4,10,0,1,0,0,0,0,2,M008M014M022M027M036M045,LionsLionsLionsLionsLionsLions,LIO_01LIO_01LIO_01LIO_01LIO_01LIO_01,Loosehead PropLoosehead PropLoosehead PropLoosehead PropLoosehead PropLoosehead Prop
Lions Player 02,565,86,7,78,158,2,11,7,5,1,9,1,0,0,0,0,0,5,M004M008M011M014M032M039M045M050,LionsLionsLionsLionsLionsLionsLionsLions,LIO_02LIO_02LIO_02LIO_02LIO_02LIO_02LIO_02LIO_02,HookerHookerHookerHookerHookerHookerHookerHooker
Lions Player 03,755,126,12,98,210,5,6,5,11,5,7,0,6,0,0,0,0,12,M004M008M011M014M017M022M032M036M039M042M055,LionsLionsLionsLionsLionsLionsLionsLionsLionsLionsLions,LIO_03LIO_03LIO_03LIO_03LIO_03LIO_03LIO_03LIO_03LIO_03LIO_03LIO_03,Tighthead PropTighthead PropTighthead PropTighthead PropTighthead PropTighthead PropTighthead PropTighthead PropTighthead PropTighthead PropTighthead Prop
Lions Player 04,453,90,8,57,125,3,3,6,6,4,6,2,2,1,0,0,0,17,M004M008M011M017M032M045M050,LionsLionsLionsLionsLionsLionsLions,LIO_04LIO_04LIO_04LIO_04LIO_04LIO_04LIO_04,LockLockLockLockLockLockLock
Lions Player 05,581,107,16,69,332,4,9,2,4,4,12,2,1,3,0,0,0,21,M014M017M027M032M036M042M050M055,LionsLionsLionsLionsLionsLionsLionsLions,LIO_05LIO_05LIO_05LIO_05LIO_05LIO_05LIO_05LIO_05,LockLockLockLockLockLockLockLock
Lions Player 06,598,94,14,68,227,2,7,5,5,6,6,0,0,1,0,3,0,3,M008M011M014M017M027M032M042M045M050,LionsLionsLionsLionsLionsLionsLionsLionsLions,LIO_06LIO_06LIO_06LIO_06LIO_06LIO_06LIO_06LIO_06LIO_06,Blindside FlankerBlindside FlankerBlindside FlankerBlindside FlankerBlindside FlankerBlindside FlankerBlindside FlankerBlindside FlankerBlindside Flanker
Lions Player 07,650,145,12,94,324,2,14,6,10,1,5,4,1,2,0,1,0,28,M004M017M022M027M032M036M039M042M045M050,LionsLionsLionsLionsLionsLionsLionsLionsLionsLions,LIO_07LIO_07LIO_07LIO_07LIO_07LIO_07LIO_07LIO_07LIO_07LIO_07,Openside FlankerOpenside FlankerOpenside FlankerOpenside FlankerOpenside FlankerOpenside FlankerOpenside FlankerOpenside FlankerOpenside FlankerOpenside Flanker
Lions Player 08,655,122,13,78,242,5,25,4,8,5,4,3,4,1,0,0,0,26,M004M008M011M022M032M039M042M045M050M055,LionsLionsLionsLionsLionsLionsLionsLionsLionsLions,LIO_08LIO_08LIO_08LIO_08LIO_08LIO_08LIO_08LIO_08LIO_08LIO_08,Number 8Number 8Number 8Number 8Number 8Number 8Number 8Number 8Number 8Number 8
Lions Player 09,623,56,11,52,396,12,23,11,3,3,8,2,2,1,0,0,0,17,M004M008M011M014M022M032M036M042M045M050,LionsLionsLionsLionsLionsLionsLionsLionsLionsLions,LIO_09LIO_09LIO_09LIO_09LIO_09LIO_09LIO_09LIO_09LIO_09LIO_09,Scrum-halfScrum-halfScrum-halfScrum-halfScrum-halfScrum-halfScrum-halfScrum-halfScrum-halfScrum-half
Lions Player 10,474,61,7,31,384,4,14,8,8,1,6,2,13,6,0,0,0,54,M011M017M027M032M039M042M050,LionsLionsLionsLionsLionsLionsLions,LIO_10LIO_10LIO_10LIO_10LIO_10LIO_10LIO_10,Fly-halfFly-halfFly-halfFly-halfFly-halfFly-halfFly-half
Lions Player 11,787,44,17,71,735,13,32,14,10,4,8,1,2,1,0,2,0,12,M004M011M014M017M022M027M036M039M042M045M055,LionsLionsLionsLionsLionsLionsLionsLionsLionsLionsLions,LIO_11LIO_11LIO_11LIO_11LIO_11LIO_11LIO_11LIO_11LIO_11LIO_11LIO_11,Left WingLeft WingLeft WingLeft WingLeft WingLeft WingLeft WingLeft WingLeft WingLeft WingLeft Wing
Lions Player 12,533,46,21,51,433,8,15,6,5,1,2,3,0,0,0,0,0,15,M017M027M032M036M042M045M050M055,LionsLionsLionsLionsLionsLionsLionsLions,LIO_12LIO_12LIO_12LIO_12LIO_12LIO_12LIO_12LIO_12,Inside CentreInside CentreInside CentreInside CentreInside CentreInside CentreInside CentreInside Centre
Lions Player 13,589,83,8,59,500,5,30,7,2,1,4,3,0,0,0,1,0,15,M004M011M014M022M027M036M039M042M050,LionsLionsLionsLionsLionsLionsLionsLionsLions,LIO_13LIO_13LIO_13LIO_13LIO_13LIO_13LIO_13LIO_13LIO_13,Outside CentreOutside CentreOutside CentreOutside CentreOutside CentreOutside CentreOutside CentreOutside CentreOutside Centre
Lions Player 14,828,123,10,76,676,13,37,18,2,3,8,3,1,0,0,0,0,17,M004M008M011M014M017M022M027M032M036M039M042M050,LionsLionsLionsLionsLionsLionsLionsLionsLionsLionsLionsLions,LIO_14LIO_14LIO_14LIO_14LIO_14LIO_14LIO_14LIO_14LIO_14LIO_14LIO_14LIO_14,Right WingRight WingRight WingRight WingRight WingRight WingRight WingRight WingRight WingRight WingRight WingRight Wing
Lions Player 15,345,45,15,36,210,3,12,4,2,2,2,1,2,1,0,0,0,12,M014M022M032M045M055,LionsLionsLionsLionsLions,LIO_15LIO_15LIO_15LIO_15LIO_15,FullbackFullbackFullbackFullbackFullback
Lions Player 16,441,95,11,59,122,5,6,2,9,1,9,0,0,2,0,0,0,6,M004M008M011M022M027M039M050,LionsLionsLionsLionsLionsLionsLions,LIO_16LIO_16LIO_16LIO_16LIO_16LIO_16LIO_16,Loosehead PropLoosehead PropLoosehead PropLoosehead PropLoosehead PropLoosehead PropLoosehead Prop
Lions Player 17,486,78,10,63,182,1,11,3,6,2,6,2,1,0,0,0,1,12,M004M017M022M036M042M050M055,LionsLionsLionsLionsLionsLionsLions,LIO_17LIO_17LIO_17LIO_17LIO_17LIO_17LIO_17,HookerHookerHookerHookerHookerHookerHooker
Lions Player 18,292,53,7,46,159,0,6,1,4,1,3,0,1,1,0,0,0,5,M008M039M042M045M055,LionsLionsLionsLionsLions,LIO_18LIO_18LIO_18LIO_18LIO_18,Tighthead PropTighthead PropTighthead PropTighthead PropTighthead Prop
Lions Player 19,803,134,11,81,391,4,8,6,12,1,12,2,2,2,0,0,0,20,M008M011M014M017M022M027M032M036M039M050M055,LionsLionsLionsLionsLionsLionsLionsLionsLionsLionsLions,LIO_19LIO_19LIO_19LIO_19LIO_19LIO_19LIO_19LIO_19LIO_19LIO_19LIO_19,LockLockLockLockLockLockLockLockLockLockLock
Lions Player 20,524,94,9,61,319,3,4,4,6,3,4,2,1,1,0,1,0,15,M008M017M022M036M039M042M050M055,LionsLionsLionsLionsLionsLionsLionsLions,LIO_20LIO_20LIO_20LIO_20LIO_20LIO_20LIO_20LIO_20,LockLockLockLockLockLockLockLock
Lions Player 21,409,65,10,74,150,0,7,3,4,1,2,2,1,0,0,0,0,12,M004M017M027M039M045M055,LionsLionsLionsLionsLionsLions,LIO_21LIO_21LIO_21LIO_21LIO_21LIO_21,Blindside FlankerBlindside FlankerBlindside FlankerBlindside FlankerBlindside FlankerBlindside Flanker
Lions Player 22,526,82,17,77,256,1,8,2,3,2,7,2,0,0,0,0,0,10,M008M011M014M027M036M039M045M055,LionsLionsLionsLionsLionsLionsLionsLions,LIO_22LIO_22LIO_22LIO_22LIO_22LIO_22LIO_22LIO_22,Openside FlankerOpenside FlankerOpenside FlankerOpenside FlankerOpenside FlankerOpenside FlankerOpenside FlankerOpenside Flanker
Lions Player 23,832,165,16,112,297,4,12,5,9,5,11,0,4,1,0,1,0,11,M004M008M011M014M017M022M027M032M036M039M042M045M055,LionsLionsLionsLionsLionsLionsLionsLionsLionsLionsLionsLionsLions,LIO_23LIO_23LIO_23LIO_23LIO_23LIO_23LIO_23LIO_23LIO_23LIO_23LIO_23LIO_23LIO_23,Number 8Number 8Number 8Number 8Number 8Number 8Number 8Number 8Number 8Number 8Number 8Number 8Number 8
Lions Player 24,518,53,18,60,464,15,25,8,8,4,3,3,0,1,0,0,0,18,M004M008M014M022M027M036M045M055,LionsLionsLionsLionsLionsLionsLionsLions,LIO_24LIO_24LIO_24LIO_24LIO_24LIO_24LIO_24LIO_24,Scrum-halfScrum-halfScrum-halfScrum-halfScrum-halfScrum-halfScrum-halfScrum-half
Lions Player 25,421,53,12,36,360,1,15,2,1,3,3,3,5,2,1,0,0,34,M004M011M014M017M032M055,LionsLionsLionsLionsLionsLions,LIO_25LIO_25LIO_25LIO_25LIO_25LIO_25,Fly-halfFly-halfFly-halfFly-halfFly-halfFly-half
Pumas Player 01,440,81,6,69,160,3,12,1,10,1,4,4,0,1,0,1,0,23,M010M024M027M030M033M043M052,PumasPumasPumasPumasPumasPumasPumas,PUM_01PUM_01PUM_01PUM_01PUM_01PUM_01PUM_01,Loosehead PropLoosehead PropLoosehead PropLoosehead PropLoosehead PropLoosehead PropLoosehead Prop
Pumas Player 02,518,85,10,69,183,0,13,4,3,8,3,2,0,0,0,0,0,10,M002M005M015M020M024M030M033M052,PumasPumasPumasPumasPumasPumasPumasPumas,PUM_02PUM_02PUM_02PUM_02PUM_02PUM_02PUM_02PUM_02,HookerHookerHookerHookerHookerHookerHookerHooker
Pumas Player 03,675,128,25,82,304,2,10,6,5,4,12,0,1,0,1,0,0,5,M002M005M010M024M027M033M038M043M052M055,PumasPumasPumasPumasPumasPumasPumasPumasPumasPumas,PUM_03PUM_03PUM_03PUM_03PUM_03PUM_03PUM_03PUM_03PUM_03PUM_03,Tighthead PropTighthead PropTighthead PropTighthead PropTighthead PropTighthead PropTighthead PropTighthead PropTighthead PropTighthead Prop
Pumas Player 04,590,125,10,77,269,3,5,6,9,6,8,2,0,0,0,0,0,10,M002M005M015M020M024M027M043M048M052,PumasPumasPumasPumasPumasPumasPumasPumasPumas,PUM_04PUM_04PUM_04PUM_04PUM_04PUM_04PUM_04PUM_04PUM_04,LockLockLockLockLockLockLockLockLock
Pumas Player 05,589,121,13,76,159,8,9,3,7,3,10,1,1,0,0,0,0,7,M002M005M015M020M033M038M043M052M055,PumasPumasPumasPumasPumasPumasPumasPumasPumas,PUM_05PUM_05PUM_05PUM_05PUM_05PUM_05PUM_05PUM_05PUM_05,LockLockLockLockLockLockLockLockLock
Pumas Player 06,615,110,14,62,192,3,13,9,6,1,5,1,1,0,0,0,0,7,M005M010M015M020M030M033M038M048M055,PumasPumasPumasPumasPumasPumasPumasPumasPumas,PUM_06PUM_06PUM_06PUM_06PUM_06PUM_06PUM_06PUM_06PUM_06,Blindside FlankerBlindside FlankerBlindside FlankerBlindside FlankerBlindside FlankerBlindside FlankerBlindside FlankerBlindside FlankerBlindside Flanker
Pumas Player 07,727,138,18,87,334,5,13,3,7,1,10,3,1,1,0,1,1,20,M002M010M024M027M030M033M038M043M048M052M055,PumasPumasPumasPumasPumasPumasPumasPumasPumasPumasPumas,PUM_07PUM_07PUM_07PUM_07PUM_07PUM_07PUM_07PUM_07PUM_07PUM_07PUM_07,Openside FlankerOpenside FlankerOpenside FlankerOpenside FlankerOpenside FlankerOpenside FlankerOpenside FlankerOpenside FlankerOpenside FlankerOpenside FlankerOpenside Flanker
Pumas Player 08,752,139,12,93,295,6,11,6,9,8,12,0,5,0,0,2,0,10,M005M010M015M020M024M027M030M043M048M052M055,PumasPumasPumasPumasPumasPumasPumasPumasPumasPumasPumas,PUM_08PUM_08PUM_08PUM_08PUM_08PUM_08PUM_08PUM_08PUM_08PUM_08PUM_08,Number 8Number 8Number 8Number 8Number 8Number 8Number 8Number 8Number 8Number 8Number 8
Pumas Player 09,618,36,15,64,499,10,21,4,2,2,6,3,1,1,0,0,0,20,M005M015M020M027M030M033M038M043M055,PumasPumasPumasPumasPumasPumasPumasPumasPumas,PUM_09PUM_09PUM_09PUM_09PUM_09PUM_09PUM_09PUM_09PUM_09,Scrum-halfScrum-halfScrum-halfScrum-halfScrum-halfScrum-halfScrum-halfScrum-halfScrum-half
Pumas Player 10,451,43,16,28,359,9,14,10,4,3,4,3,9,5,0,1,0,48,M002M005M024M030M033M052M055,PumasPumasPumasPumasPumasPumasPumas,PUM_10PUM_10PUM_10PUM_10PUM_10PUM_10PUM_10,Fly-halfFly-halfFly-halfFly-halfFly-halfFly-halfFly-half
Pumas Player 11,310,33,10,39,328,6,21,6,3,1,3,1,0,0,0,0,0,5,M002M020M030M038M043,PumasPumasPumasPumasPumas,PUM_11PUM_11PUM_11PUM_11PUM_11,Left WingLeft WingLeft WingLeft WingLeft Wing
Pumas Player 12,390,29,11,44,308,5,12,8,6,2,4,2,1,1,0,0,0,15,M002M020M024M027M043M048,PumasPumasPumasPumasPumasPumas,PUM_12PUM_12PUM_12PUM_12PUM_12PUM_12,Inside CentreInside CentreInside CentreInside CentreInside CentreInside Centre
Pumas Player 13,735,102,19,63,594,15,25,10,3,2,11,4,1,2,0,0,0,28,M002M005M010M015M020M027M030M038M043M052M055,PumasPumasPumasPumasPumasPumasPumasPumasPumasPumasPumas,PUM_13PUM_13PUM_13PUM_13PUM_13PUM_13PUM_13PUM_13PUM_13PUM_13PUM_13,Outside CentreOutside CentreOutside CentreOutside CentreOutside CentreOutside CentreOutside CentreOutside CentreOutside CentreOutside CentreOutside Centre
Pumas Player 14,601,73,23,52,492,8,28,6,4,5,6,4,0,0,0,0,0,20,M005M010M015M024M027M030M038M048M055,PumasPumasPumasPumasPumasPumasPumasPumasPumas,PUM_14PUM_14PUM_14PUM_14PUM_14PUM_14PUM_14PUM_14PUM_14,Right WingRight WingRight WingRight WingRight WingRight WingRight WingRight WingRight Wing
Pumas Player 15,538,70,13,56,491,9,14,7,3,2,5,4,7,3,0,2,0,43,M010M020M030M033M043M048M052M055,PumasPumasPumasPumasPumasPumasPumasPumas,PUM_15PUM_15PUM_15PUM_15PUM_15PUM_15PUM_15PUM_15,FullbackFullbackFullbackFullbackFullbackFullbackFullbackFullback
Pumas Player 16,762,134,21,111,224,6,3,4,11,5,8,2,1,2,0,0,0,18,M002M005M010M015M027M030M033M038M048M052M055,PumasPumasPumasPumasPumasPumasPumasPumasPumasPumasPumas,PUM_16PUM_16PUM_16PUM_16PUM_16PUM_16PUM_16PUM_16PUM_16PUM_16PUM_16,Loosehead PropLoosehead PropLoosehead PropLoosehead PropLoosehead PropLoosehead PropLoosehead PropLoosehead PropLoosehead PropLoosehead PropLoosehead Prop
Pumas Player 17,665,136,10,98,298,2,9,7,7,4,7,2,0,1,0,0,0,13,M005M010M015M020M027M030M033M048M052M055,PumasPumasPumasPumasPumasPumasPumasPumasPumasPumas,PUM_17PUM_17PUM_17PUM_17PUM_17PUM_17PUM_17PUM_17PUM_17PUM_17,HookerHookerHookerHookerHookerHookerHookerHookerHookerHooker
Pumas Player 18,542,89,12,93,196,6,8,3,3,2,7,1,1,0,0,1,1,7,M002M010M020M024M027M033M043M048,PumasPumasPumasPumasPumasPumasPumasPumas,PUM_18PUM_18PUM_18PUM_18PUM_18PUM_18PUM_18PUM_18,Tighthead PropTighthead PropTighthead PropTighthead PropTighthead PropTighthead PropTighthead PropTighthead Prop
Pumas Player 19,480,61,8,75,273,4,7,1,6,4,8,0,1,0,0,0,0,2,M010M020M030M033M038M043M048M052,PumasPumasPumasPumasPumasPumasPumasPumas,PUM_19PUM_19PUM_19PUM_19PUM_19PUM_19PUM_19PUM_19,LockLockLockLockLockLockLockLock
Pumas Player 20,411,80,6,47,215,6,3,3,7,2,4,0,0,0,1,0,0,3,M010M015M024M038M048M055,PumasPumasPumasPumasPumasPumas,PUM_20PUM_20PUM_20PUM_20PUM_20PUM_20,LockLockLockLockLockLock
Pumas Player 21,459,95,6,73,110,0,8,4,10,5,4,0,1,0,0,1,0,2,M005M015M024M038M043M048M052,PumasPumasPumasPumasPumasPumasPumas,PUM_21PUM_21PUM_21PUM_21PUM_21PUM_21PUM_21,Blindside FlankerBlindside FlankerBlindside FlankerBlindside FlankerBlindside FlankerBlindside FlankerBlindside Flanker
Pumas Player 22,752,122,12,78,188,2,8,7,12,3,12,2,1,1,0,0,1,15,M002M005M015M020M024M030M033M038M043M052M055,PumasPumasPumasPumasPumasPumasPumasPumasPumasPumasPumas,PUM_22PUM_22PUM_22PUM_22PUM_22PUM_22PUM_22PUM_22PUM_22PUM_22PUM_22,Openside FlankerOpenside FlankerOpenside FlankerOpenside FlankerOpenside FlankerOpenside FlankerOpenside FlankerOpenside FlankerOpenside FlankerOpenside FlankerOpenside Flanker
Pumas Player 23,408,75,3,51,222,3,8,4,2,2,4,2,1,0,1,0,0,15,M002M010M015M020M027M048,PumasPumasPumasPumasPumasPumas,PUM_23PUM_23PUM_23PUM_23PUM_23PUM_23,Number 8Number 8Number 8Number 8Number 8Number 8
Pumas Player 24,336,28,6,33,358,4,10,6,3,2,0,0,0,0,0,0,0,0,M002M010M024M027M038,PumasPumasPumasPumasPumas,PUM_24PUM_24PUM_24PUM_24PUM_24,Scrum-halfScrum-halfScrum-halfScrum-halfScrum-half
Pumas Player 25,583,36,19,62,610,10,17,9,6,7,6,6,6,6,2,1,0,66,M002M005M015M024M027M033M038M048M055,PumasPumasPumasPumasPumasPumasPumasPumasPumas,PUM_25PUM_25PUM_25PUM_25PUM_25PUM_25PUM_25PUM_25PUM_25,Fly-halfFly-halfFly-halfFly-halfFly-halfFly-halfFly-halfFly-halfFly-half
Sharks Player 01,385,60,3,60,111,4,2,3,4,3,4,0,0,0,0,0,0,0,M015M026M031M043M046M049,SharksSharksSharksSharksSharksSharks,SHA_01SHA_01SHA_01SHA_01SHA_01SHA_01,Loosehead PropLoosehead PropLoosehead PropLoosehead PropLoosehead PropLoosehead Prop
Sharks Player 02,311,51,3,49,150,3,1,2,2,2,5,2,1,0,0,0,0,12,M008M012M018M021M049,SharksSharksSharksSharksSharks,SHA_02SHA_02SHA_02SHA_02SHA_02,HookerHookerHookerHookerHooker
Sharks Player 03,532,102,11,69,240,1,11,3,12,0,5,2,0,1,0,1,0,13,M012M015M021M031M036M040M046M054,SharksSharksSharksSharksSharksSharksSharksSharks,SHA_03SHA_03SHA_03SHA_03SHA_03SHA_03SHA_03SHA_03,Tighthead PropTighthead PropTighthead PropTighthead PropTighthead PropTighthead PropTighthead PropTighthead Prop
Sharks Player 04,676,145,11,75,262,2,8,1,5,2,8,1,1,1,0,0,0,10,M003M008M012M015M026M036M040M043M049M054,SharksSharksSharksSharksSharksSharksSharksSharksSharksSharks,SHA_04SHA_04SHA_04SHA_04SHA_04SHA_04SHA_04SHA_04SHA_04SHA_04,LockLockLockLockLockLockLockLockLockLock
Sharks Player 05,749,152,15,102,249,3,12,5,15,7,8,2,0,0,0,0,0,10,M003M008M012M015M018M021M026M036M040M046M049,SharksSharksSharksSharksSharksSharksSharksSharksSharksSharksSharks,SHA_05SHA_05SHA_05SHA_05SHA_05SHA_05SHA_05SHA_05SHA_05SHA_05SHA_05,LockLockLockLockLockLockLockLockLockLockLock
Sharks Player 06,711,133,15,111,272,0,3,7,11,3,10,1,0,1,0,1,0,8,M003M012M015M018M021M026M031M040M043M049M054,SharksSharksSharksSharksSharksSharksSharksSharksSharksSharksSharks,SHA_06SHA_06SHA_06SHA_06SHA_06SHA_06SHA_06SHA_06SHA_06SHA_06SHA_06,Blindside FlankerBlindside FlankerBlindside FlankerBlindside FlankerBlindside FlankerBlindside FlankerBlindside FlankerBlindside FlankerBlindside FlankerBlindside FlankerBlindside Flanker
Sharks Player 07,675,102,12,92,212,3,13,10,9,2,14,4,1,1,0,1,0,25,M003M008M012M015M018M031M036M046M049M054,SharksSharksSharksSharksSharksSharksSharksSharksSharksSharks,SHA_07SHA_07SHA_07SHA_07SHA_07SHA_07SHA_07SHA_07SHA_07SHA_07,Openside FlankerOpenside FlankerOpenside FlankerOpenside FlankerOpenside FlankerOpenside FlankerOpenside FlankerOpenside FlankerOpenside FlankerOpenside Flanker
Sharks Player 08,636,105,16,89,386,3,13,7,8,2,7,4,1,1,0,2,0,25,M003M008M015M021M031M036M040M043M046M054,SharksSharksSharksSharksSharksSharksSharksSharksSharksSharks,SHA_08SHA_08SHA_08SHA_08SHA_08SHA_08SHA_08SHA_08SHA_08SHA_08,Number 8Number 8Number 8Number 8Number 8Number 8Number 8Number 8Number 8Number 8
Sharks Player 09,621,77,20,87,588,14,40,1,3,3,8,4,1,0,0,0,0,22,M003M008M012M018M021M026M031M036M043M046,SharksSharksSharksSharksSharksSharksSharksSharksSharksSharks,SHA_09SHA_09SHA_09SHA_09SHA_09SHA_09SHA_09SHA_09SHA_09SHA_09,Scrum-halfScrum-halfScrum-halfScrum-halfScrum-halfScrum-halfScrum-halfScrum-halfScrum-halfScrum-half
Sharks Player 10,303,31,5,25,205,3,13,2,3,1,0,1,5,3,0,1,1,24,M021M026M031M036M043,SharksSharksSharksSharksSharks,SHA_10SHA_10SHA_10SHA_10SHA_10,Fly-halfFly-halfFly-halfFly-halfFly-half
Sharks Player 11,461,49,8,45,420,10,14,10,3,1,1,5,0,0,0,0,0,25,M003M018M026M040M046M049M054,SharksSharksSharksSharksSharksSharksSharks,SHA_11SHA_11SHA_11SHA_11SHA_11SHA_11SHA_11,Left WingLeft WingLeft WingLeft WingLeft WingLeft WingLeft Wing
Sharks Player 12,652,72,17,59,519,10,13,10,7,3,4,4,0,0,0,0,0,20,M003M008M012M015M026M031M043M049M054,SharksSharksSharksSharksSharksSharksSharksSharksSharks,SHA_12SHA_12SHA_12SHA_12SHA_12SHA_12SHA_12SHA_12SHA_12,Inside CentreInside CentreInside CentreInside CentreInside CentreInside CentreInside CentreInside CentreInside Centre
Sharks Player 13,270,6,5,20,219,7,8,3,3,3,1,1,0,0,0,0,0,5,M003M008M040M043,SharksSharksSharksSharks,SHA_13SHA_13SHA_13SHA_13,Outside CentreOutside CentreOutside CentreOutside Centre
Sharks Player 14,421,24,6,24,325,7,14,8,3,2,3,0,0,0,0,0,0,0,M015M021M026M036M040M046,SharksSharksSharksSharksSharksSharks,SHA_14SHA_14SHA_14SHA_14SHA_14SHA_14,Right WingRight WingRight WingRight WingRight WingRight Wing
Sharks Player 15,610,54,13,61,424,6,20,13,2,5,4,1,4,5,1,1,0,31,M003M012M015M018M021M026M043M046M049,SharksSharksSharksSharksSharksSharksSharksSharksSharks,SHA_15SHA_15SHA_15SHA_15SHA_15SHA_15SHA_15SHA_15SHA_15,FullbackFullbackFullbackFullbackFullbackFullbackFullbackFullbackFullback
Sharks Player 16,715,127,14,79,312,0,9,8,7,4,9,1,0,0,0,1,0,5,M008M015M018M021M026M036M040M043M046M054,SharksSharksSharksSharksSharksSharksSharksSharksSharksSharks,SHA_16SHA_16SHA_16SHA_16SHA_16SHA_16SHA_16SHA_16SHA_16SHA_16,Loosehead PropLoosehead PropLoosehead PropLoosehead PropLoosehead PropLoosehead PropLoosehead PropLoosehead PropLoosehead PropLoosehead Prop
Sharks Player 17,565,92,7,77,121,9,10,1,12,8,9,2,2,0,0,1,0,14,M003M012M015M018M021M036M040M049M054,SharksSharksSharksSharksSharksSharksSharksSharksSharks,SHA_17SHA_17SHA_17SHA_17SHA_17SHA_17SHA_17SHA_17SHA_17,HookerHookerHookerHookerHookerHookerHookerHookerHooker
Sharks Player 18,619,96,12,67,262,5,8,8,7,3,9,2,0,0,0,1,0,10,M003M008M012M015M026M031M040M046M049,SharksSharksSharksSharksSharksSharksSharksSharksSharks,SHA_18SHA_18SHA_18SHA_18SHA_18SHA_18SHA_18SHA_18SHA_18,Tighthead PropTighthead PropTighthead PropTighthead PropTighthead PropTighthead PropTighthead PropTighthead PropTighthead Prop
Sharks Player 19,547,107,11,80,356,8,15,1,5,4,10,0,0,0,0,0,0,0,M008M012M031M036M040M043M046M049M054,SharksSharksSharksSharksSharksSharksSharksSharksSharks,SHA_19SHA_19SHA_19SHA_19SHA_19SHA_19SHA_19SHA_19SHA_19,LockLockLockLockLockLockLockLockLock
Sharks Player 20,508,69,7,79,209,5,9,4,6,3,8,2,1,2,0,0,0,18,M003M012M018M021M026M031M036M054,SharksSharksSharksSharksSharksSharksSharksSharks,SHA_20SHA_20SHA_20SHA_20SHA_20SHA_20SHA_20SHA_20,LockLockLockLockLockLockLockLock
Sharks Player 21,696,107,15,71,362,2,11,5,5,3,12,2,1,0,0,1,1,12,M003M008M018M021M026M031M036M043M049M054,SharksSharksSharksSharksSharksSharksSharksSharksSharksSharks,SHA_21SHA_21SHA_21SHA_21SHA_21SHA_21SHA_21SHA_21SHA_21SHA_21,Blindside FlankerBlindside FlankerBlindside FlankerBlindside FlankerBlindside FlankerBlindside FlankerBlindside FlankerBlindside FlankerBlindside FlankerBlindside Flanker
Sharks Player 22,602,112,6,78,162,6,9,7,4,4,6,1,0,0,0,0,0,5,M008M015M018M021M031M036M040M043M054,SharksSharksSharksSharksSharksSharksSharksSharksSharks,SHA_22SHA_22SHA_22SHA_22SHA_22SHA_22SHA_22SHA_22SHA_22,Openside FlankerOpenside FlankerOpenside FlankerOpenside FlankerOpenside FlankerOpenside FlankerOpenside FlankerOpenside FlankerOpenside Flanker
Sharks Player 23,596,89,6,83,213,1,8,3,6,0,6,0,3,1,0,0,0,9,M003M008M012M018M031M040M043M046M054,SharksSharksSharksSharksSharksSharksSharksSharksSharks,SHA_23SHA_23SHA_23SHA_23SHA_23SHA_23SHA_23SHA_23SHA_23,Number 8Number 8Number 8Number 8Number 8Number 8Number 8Number 8Number 8
Sharks Player 24,544,53,14,49,259,7,20,5,2,2,0,4,1,0,0,0,0,22,M008M012M018M026M040M046M049M054,SharksSharksSharksSharksSharksSharksSharksSharks,SHA_24SHA_24SHA_24SHA_24SHA_24SHA_24SHA_24SHA_24,Scrum-halfScrum-halfScrum-halfScrum-halfScrum-halfScrum-halfScrum-halfScrum-half
Sharks Player 25,556,67,19,48,419,13,16,4,6,1,8,2,7,5,0,0,0,39,M015M018M021M031M036M043M046M049,SharksSharksSharksSharksSharksSharksSharksSharks,SHA_25SHA_25SHA_25SHA_25SHA_25SHA_25SHA_25SHA_25,Fly-halfFly-halfFly-halfFly-halfFly-halfFly-halfFly-halfFly-half
Stormers Player 01,695,115,7,92,134,3,23,4,3,5,11,2,0,1,0,0,0,13,M002M007M012M016M019M022M040M047M050M053,StormersStormersStormersStormersStormersStormersStormersStormersStormersStormers,STO_01STO_01STO_01STO_01STO_01STO_01STO_01STO_01STO_01STO_01,Loosehead PropLoosehead PropLoosehead PropLoosehead PropLoosehead PropLoosehead PropLoosehead PropLoosehead PropLoosehead PropLoosehead Prop
Stormers Player 02,571,95,5,78,188,2,5,4,6,3,7,2,2,0,0,0,0,14,M007M012M019M025M030M035M044M053,StormersStormersStormersStormersStormersStormersStormersStormers,STO_02STO_02STO_02STO_02STO_02STO_02STO_02STO_02,HookerHookerHookerHookerHookerHookerHookerHooker
Stormers Player 03,484,85,8,60,195,5,8,6,5,2,9,1,0,0,0,0,0,5,M002M016M030M035M040M047M050,StormersStormersStormersStormersStormersStormersStormers,STO_03STO_03STO_03STO_03STO_03STO_03STO_03,Tighthead PropTighthead PropTighthead PropTighthead PropTighthead PropTighthead PropTighthead Prop
Stormers Player 04,426,57,5,54,207,3,3,3,5,1,5,1,1,0,0,1,0,7,M002M007M025M047M050M053,StormersStormersStormersStormersStormersStormers,STO_04STO_04STO_04STO_04STO_04STO_04,LockLockLockLockLockLock
Stormers Player 05,635,118,13,84,211,4,15,7,5,3,9,3,0,0,0,1,0,15,M002M012M019M030M035M040M044M050M053,StormersStormersStormersStormersStormersStormersStormersStormersStormers,STO_05STO_05STO_05STO_05STO_05STO_05STO_05STO_05STO_05,LockLockLockLockLockLockLockLockLock
Stormers Player 06,457,71,13,68,168,4,13,4,9,5,6,2,0,0,0,0,0,10,M007M012M016M025M040M050M053,StormersStormersStormersStormersStormersStormersStormers,STO_06STO_06STO_06STO_06STO_06STO_06STO_06,Blindside FlankerBlindside FlankerBlindside FlankerBlindside FlankerBlindside FlankerBlindside FlankerBlindside Flanker
Stormers Player 07,660,126,8,96,220,4,18,2,9,4,10,2,1,0,1,1,0,15,M002M012M016M019M022M030M035M040M044M053,StormersStormersStormersStormersStormersStormersStormersStormersStormersStormers,STO_07STO_07STO_07STO_07STO_07STO_07STO_07STO_07STO_07STO_07,Openside FlankerOpenside FlankerOpenside FlankerOpenside FlankerOpenside FlankerOpenside FlankerOpenside FlankerOpenside FlankerOpenside FlankerOpenside Flanker
Stormers Player 08,676,127,5,79,237,5,13,5,7,5,9,1,1,1,0,0,0,10,M002M012M016M019M030M035M044M047M050M053,StormersStormersStormersStormersStormersStormersStormersStormersStormersStormers,STO_08STO_08STO_08STO_08STO_08STO_08STO_08STO_08STO_08STO_08,Number 8Number 8Number 8Number 8Number 8Number 8Number 8Number 8Number 8Number 8
Stormers Player 09,665,68,17,52,410,13,35,6,4,3,6,1,0,1,1,0,0,11,M002M012M016M022M025M030M035M040M047M050,StormersStormersStormersStormersStormersStormersStormersStormersStormersStormers,STO_09STO_09STO_09STO_09STO_09STO_09STO_09STO_09STO_09STO_09,Scrum-halfScrum-halfScrum-halfScrum-halfScrum-halfScrum-halfScrum-halfScrum-halfScrum-halfScrum-half
Stormers Player 10,585,49,15,65,285,13,12,7,5,2,2,0,8,5,0,0,0,31,M002M007M012M022M025M030M040M044M047,StormersStormersStormersStormersStormersStormersStormersStormersStormers,STO_10STO_10STO_10STO_10STO_10STO_10STO_10STO_10STO_10,Fly-halfFly-halfFly-halfFly-halfFly-halfFly-halfFly-halfFly-halfFly-half
Stormers Player 11,505,46,12,48,304,10,12,8,3,2,3,1,0,0,0,0,0,5,M002M012M016M025M040M044M047M053,StormersStormersStormersStormersStormersStormersStormersStormers,STO_11STO_11STO_11STO_11STO_11STO_11STO_11STO_11,Left WingLeft WingLeft WingLeft WingLeft WingLeft WingLeft WingLeft Wing
Stormers Player 12,705,68,15,60,513,8,25,14,5,5,7,4,2,1,0,0,0,27,M002M007M022M025M035M040M044M047M050M053,StormersStormersStormersStormersStormersStormersStormersStormersStormersStormers,STO_12STO_12STO_12STO_12STO_12STO_12STO_12STO_12STO_12STO_12,Inside CentreInside CentreInside CentreInside CentreInside CentreInside CentreInside CentreInside CentreInside CentreInside Centre
Stormers Player 13,587,83,17,61,547,13,25,11,3,6,5,3,2,1,0,0,0,22,M002M007M012M016M019M022M030M044M053,StormersStormersStormersStormersStormersStormersStormersStormersStormers,STO_13STO_13STO_13STO_13STO_13STO_13STO_13STO_13STO_13,Outside CentreOutside CentreOutside CentreOutside CentreOutside CentreOutside CentreOutside CentreOutside CentreOutside Centre
Stormers Player 14,594,69,11,58,620,10,18,6,4,9,4,4,1,0,0,0,0,22,M016M019M022M025M035M040M044M050M053,StormersStormersStormersStormersStormersStormersStormersStormersStormers,STO_14STO_14STO_14STO_14STO_14STO_14STO_14STO_14STO_14,Right WingRight WingRight WingRight WingRight WingRight WingRight WingRight WingRight Wing
Stormers Player 15,571,53,11,56,444,10,22,9,4,3,3,1,7,5,0,2,1,34,M007M012M019M025M035M040M044M047,StormersStormersStormersStormersStormersStormersStormersStormers,STO_15STO_15STO_15STO_15STO_15STO_15STO_15STO_15,FullbackFullbackFullbackFullbackFullbackFullbackFullbackFullback
Stormers Player 16,511,94,7,63,229,3,0,5,7,1,3,0,1,1,0,0,0,5,M007M016M019M022M030M035M047M053,StormersStormersStormersStormersStormersStormersStormersStormers,STO_16STO_16STO_16STO_16STO_16STO_16STO_16STO_16,Loosehead PropLoosehead PropLoosehead PropLoosehead PropLoosehead PropLoosehead PropLoosehead PropLoosehead Prop
Stormers Player 17,375,62,2,53,100,4,9,1,2,1,1,2,1,2,0,0,0,18,M002M007M022M035M047,StormersStormersStormersStormersStormers,STO_17STO_17STO_17STO_17STO_17,HookerHookerHookerHookerHooker
Stormers Player 18,558,98,7,71,295,4,10,4,9,3,7,4,4,0,0,0,0,28,M007M016M025M030M035M040M044M050,StormersStormersStormersStormersStormersStormersStormersStormers,STO_18STO_18STO_18STO_18STO_18STO_18STO_18STO_18,Tighthead PropTighthead PropTighthead PropTighthead PropTighthead PropTighthead PropTighthead PropTighthead Prop
Stormers Player 19,671,110,12,88,100,3,7,8,8,2,12,0,3,1,0,1,0,9,M002M007M012M016M019M022M025M030M044M050,StormersStormersStormersStormersStormersStormersStormersStormersStormersStormers,STO_19STO_19STO_19STO_19STO_19STO_19STO_19STO_19STO_19STO_19,LockLockLockLockLockLockLockLockLockLock
Stormers Player 20,363,55,7,57,190,3,2,7,5,2,6,0,0,0,0,0,0,0,M022M025M030M035M047M050,StormersStormersStormersStormersStormersStormers,STO_20STO_20STO_20STO_20STO_20STO_20,LockLockLockLockLockLock
Stormers Player 21,695,101,10,83,362,5,14,7,8,4,5,2,1,0,0,0,0,12,M002M007M012M016M019M030M040M047M050M053,StormersStormersStormersStormersStormersStormersStormersStormersStormersStormers,STO_21STO_21STO_21STO_21STO_21STO_21STO_21STO_21STO_21STO_21,Blindside FlankerBlindside FlankerBlindside FlankerBlindside FlankerBlindside FlankerBlindside FlankerBlindside FlankerBlindside FlankerBlindside FlankerBlindside Flanker
Stormers Player 22,547,103,20,80,321,3,14,4,8,2,9,1,1,1,0,1,0,10,M007M012M016M019M022M025M030M040M053,StormersStormersStormersStormersStormersStormersStormersStormersStormers,STO_22STO_22STO_22STO_22STO_22STO_22STO_22STO_22STO_22,Openside FlankerOpenside FlankerOpenside FlankerOpenside FlankerOpenside FlankerOpenside FlankerOpenside FlankerOpenside FlankerOpenside Flanker
Stormers Player 23,584,93,6,84,164,0,13,7,7,3,5,2,2,1,0,1,0,17,M007M012M019M022M025M035M044M050M053,StormersStormersStormersStormersStormersStormersStormersStormersStormers,STO_23STO_23STO_23STO_23STO_23STO_23STO_23STO_23STO_23,Number 8Number 8Number 8Number 8Number 8Number 8Number 8Number 8Number 8
Stormers Player 24,586,74,9,57,407,10,15,6,4,1,3,4,0,1,0,0,0,23,M002M019M022M030M035M040M044M047M050,StormersStormersStormersStormersStormersStormersStormersStormersStormers,STO_24STO_24STO_24STO_24STO_24STO_24STO_24STO_24STO_24,Scrum-halfScrum-halfScrum-halfScrum-halfScrum-halfScrum-halfScrum-halfScrum-halfScrum-half
Stormers Player 25,364,38,8,40,384,3,9,6,1,0,3,2,4,3,1,0,0,30,M016M019M022M025M044M047,StormersStormersStormersStormersStormersStormers,STO_25STO_25STO_25STO_25STO_25STO_25,Fly-halfFly-halfFly-halfFly-halfFly-halfFly-half
